{
    "team": "bubbels",
    "password": "123",
    "last_page": "overzicht",
    "progress": 5,
    "questions": [
        4001,
        3,
        1,
        4,
        7
    ],
    "code_values": {
        "4001": 1,
        "3": 3,
        "1": 1,
        "4": 4,
        "7": 7
    },
    "start_time": 1744916109.4439077,
    "timestamps": {
        "1744904669.351286": 4001,
        "1744904736.1483448": 3,
        "1744904743.8385851": 1,
        "1744904752.8183613": 4,
        "1744904762.3340428": 7
    },
    "unlocked_rooms": [
        "woonkamer"
    ]
}